split,threshold,loss,iou,f1,precision,recall
test,0.9,0.9582920736736722,0.17690526303790866,0.2877091519416325,0.20499508201129854,0.5301979013851711
