split,threshold,loss,iou,f1,precision,recall
val,0.1,0.9225091442229256,0.13934532564783852,0.23251930730683462,0.14246657064982823,0.8584419876810104
val,0.2,0.9225091442229256,0.15532845116796948,0.25491711733833194,0.15992590311973814,0.8353188681224036
val,0.3,0.9225091442229256,0.16662268648071896,0.27013318500821554,0.17262767610095797,0.8126398608798072
val,0.4,0.9225091442229256,0.17663848731252882,0.2832008505624438,0.1842374527265155,0.7895322073073614
val,0.5,0.9225091442229256,0.18635003481592452,0.2953940535348559,0.19594856481703501,0.7632791437799968
val,0.6,0.9225091442229256,0.19598375331787837,0.30715685799008324,0.20835109835579282,0.732395969686054
val,0.7,0.9225091442229256,0.20648944614425538,0.3194697622268919,0.22338824281616818,0.6919131231686425
val,0.8,0.9225091442229256,0.21690054639937387,0.3314911893435887,0.2425039755919623,0.6344790458679199
val,0.9,0.9225091442229256,0.22262941986795456,0.33809529883520945,0.2713616935033647,0.5266381937360006
