split,threshold,iou,f1,precision,recall
test,0.6,0.13534298844680703,0.23841779942041563,0.13881068151601952,0.844181859373507
