{
  "config": "/home/jakeguan/dev/crack-detection/configs/daformer/crack500_to_uav_daformer_mitb5_s0.py",
  "checkpoint": "/home/jakeguan/dev/crack-detection/work_dirs/daformer_crack500_to_uav_mitb5_s0_360/iter_40000.pth",
  "selection_metric": "iou",
  "threshold_candidates": [
    0.1,
    0.2,
    0.3,
    0.4,
    0.5,
    0.6,
    0.7,
    0.8,
    0.9
  ],
  "selected_threshold": 0.6,
  "selected_val_metrics": {
    "threshold": 0.6,
    "iou": 0.08419930245644586,
    "f1": 0.1553207095142773,
    "precision": 0.08525451359292806,
    "recall": 0.8718405703183048
  },
  "test_metrics": {
    "threshold": 0.6,
    "iou": 0.13534298844680703,
    "f1": 0.23841779942041563,
    "precision": 0.13881068151601952,
    "recall": 0.844181859373507
  },
  "metric_definition": "foreground crack metrics from class-1 softmax probability thresholding"
}