split,threshold,iou,f1,precision,recall
val,0.1,0.0808345091780013,0.1495779575714446,0.08124041935028967,0.9417877974265011
val,0.2,0.08241799555493859,0.15228496919522463,0.08296417568029144,0.9260311545231574
val,0.3,0.08321879519468324,0.15365094395265425,0.08388677593561333,0.9126701231372519
val,0.4,0.08368246991806706,0.15444094047985563,0.08446884540917571,0.8998877418763316
val,0.5,0.08398796773614306,0.15496107011467353,0.08489939839659932,0.8866655865204225
val,0.6,0.08419930245644586,0.1553207095142773,0.08525451359292806,0.8718405703183048
val,0.7,0.08415195058324887,0.1552401405314743,0.0853893108288806,0.8530980927700381
val,0.8,0.0835903340409392,0.1542840156740147,0.08508948787309362,0.8259188963994889
val,0.9,0.08159610509951644,0.15088091518552604,0.08357752683377082,0.7748645958720555
