split,threshold,loss,iou,f1,precision,recall
test,0.9,0.8967763795739129,0.20222414438686673,0.30762387646569145,0.24267871228475418,0.48447630140516496
