split,threshold,loss,iou,f1,precision,recall
val,0.1,0.9001569624931093,0.14576759414067345,0.24472311848685854,0.15110317440260024,0.7589569990597074
val,0.2,0.9001569624931093,0.15930551621649,0.26310397897447857,0.1665056570181771,0.7356825518229652
val,0.3,0.9001569624931093,0.16772067452233935,0.27387981802698164,0.17673902284531368,0.7119300232993232
val,0.4,0.9001569624931093,0.1744278125346653,0.2821509412356785,0.18544699133388579,0.6894097914771428
val,0.5,0.9001569624931093,0.18036682880113994,0.28927439876965116,0.19376091730026973,0.6657174570219857
val,0.6,0.9001569624931093,0.18577370023916637,0.2955628188829573,0.20212006001245408,0.6395117422891041
val,0.7,0.9001569624931093,0.19075725215768058,0.3013791848742773,0.21123841168388488,0.6093731096812657
val,0.8,0.9001569624931093,0.19622276368595304,0.3075105458024948,0.22323521593260387,0.5685091860710628
val,0.9,0.9001569624931093,0.2035797978677447,0.3157304889625973,0.24546921182246434,0.5003037537847247
