stage_key,stage_label,dataset_root,split,num_samples,checkpoint_path,threshold,iou,f1,precision,recall,skeleton_iou,skeleton_f1
source_only,Source-only @ 0.5,CRACK500,test,1124,/home/jakeguan/dev/crack-detection/checkpoints/segformer_b2_plain_360.pth,0.5,0.5988213302112677,0.7490784853766347,0.6968417729216739,0.8097813868067093,0.07133722335289987,0.13317417111532404
b1_promoted,B1 promoted TS-bank @ 0.6,CRACK500,test,1124,/home/jakeguan/dev/crack-detection/checkpoints/segformer_b2_b1_tsbank_thr080_mean082.pth,0.6,0.5744805066545063,0.7297397512721998,0.7259797215104616,0.7335389320678484,0.0693310657073605,0.1296718442591774
b1_legacy,B1 legacy raw @ 0.7,CRACK500,test,1124,/home/jakeguan/dev/crack-detection/checkpoints/segformer_b2_b1_negbank.pth,0.7,0.5792295729765641,0.7335596836434704,0.768278002470531,0.7018435246774717,0.07214757522810727,0.13458515766796414
b2_fs05,B2 fs05 @ 0.5,CRACK500,test,1124,/home/jakeguan/dev/crack-detection/checkpoints/segformer_b2_b2_fs05_seed42.pth,0.5,0.5458258811397327,0.7061932236990134,0.7562194989971425,0.6623750509423342,0.07315243365931252,0.13633185997533376
b2_fs10,B2 fs10 @ 0.5,CRACK500,test,1124,/home/jakeguan/dev/crack-detection/checkpoints/segformer_b2_b2_fs10_seed42.pth,0.5,0.5280707861340457,0.6911601097617037,0.7584685918197853,0.6348241574584201,0.07213790606528371,0.13456833427263856
b2_fs20,B2 fs20 @ 0.5,CRACK500,test,1124,/home/jakeguan/dev/crack-detection/checkpoints/segformer_b2_b2_fs20_seed42.pth,0.5,0.5172939182636038,0.6818638261670235,0.7381057315039334,0.6335860709559207,0.0709510804567529,0.1325010670442707
