split,threshold,iou,f1,precision,recall
test,0.3,0.11430333911556814,0.20515659444388853,0.11911066954495837,0.7390451548300341
