split,threshold,iou,f1,precision,recall
val,0.1,0.07817022647241374,0.14500535175775078,0.07936599231094808,0.838406166096667
val,0.2,0.08235012277709627,0.15216910137275777,0.08412955584545362,0.7956439218602697
val,0.3,0.08399931733490654,0.15498038788650545,0.08631958441440579,0.7575745301375012
val,0.4,0.08387125955131224,0.1547624015526474,0.08671493352958813,0.7189091287859983
val,0.5,0.08322926718575578,0.1536687933140623,0.08664218329505714,0.6787565966132837
val,0.6,0.08221397597154202,0.15193663692509152,0.08630642790112557,0.6342121099919323
val,0.7,0.07989204167380211,0.14796301591338876,0.08484246115761968,0.5779210258333839
val,0.8,0.07566363487055465,0.14068270492250384,0.08176250128098553,0.5035644847728012
val,0.9,0.06852420807382892,0.12825953320592343,0.07663567642818592,0.39298444588815273
