split,threshold,loss,iou,f1,precision,recall
test,0.8,1.0857229895061917,0.12824195197650365,0.22024537078917972,0.14338124791781107,0.5689227836472648
