{
  "checkpoint_path": "/home/jakeguan/dev/crack-detection/checkpoints/deeplabv3plus_plain_360.pth",
  "dataset_root": "UAV_Crack_Segmentation_Kaggle",
  "val_split": "val",
  "test_split": "test",
  "selection_metric": "iou",
  "threshold_candidates": [
    0.1,
    0.2,
    0.3,
    0.4,
    0.5,
    0.6,
    0.7,
    0.8,
    0.9
  ],
  "selected_threshold": 0.8,
  "selected_val_metrics": {
    "loss": 1.1537902024057176,
    "iou": 0.13539606947747487,
    "f1": 0.22300363201943654,
    "precision": 0.1515881357684968,
    "recall": 0.5691213910541837
  },
  "test_metrics": {
    "loss": 1.0857229895061917,
    "iou": 0.12824195197650365,
    "f1": 0.22024537078917972,
    "precision": 0.14338124791781107,
    "recall": 0.5689227836472648
  }
}