split,threshold,loss,iou,f1,precision,recall
val,0.1,1.1537902024057176,0.11042470449493044,0.19218156498575967,0.1147361643730648,0.7944743387282841
val,0.2,1.1537902024057176,0.11858113985213023,0.20384017153391762,0.12418665417603084,0.7659936727039398
val,0.3,1.1537902024057176,0.1235031457174392,0.21041915955997648,0.13019886802113245,0.739112791560945
val,0.4,1.1537902024057176,0.1271065885112399,0.21501594734570337,0.1349070303969913,0.7134596213461861
val,0.5,1.1537902024057176,0.12990070997722566,0.2183219279561724,0.13896981591270083,0.6860622716328454
val,0.6,1.1537902024057176,0.1319344611394973,0.22041269805696276,0.1425988536978525,0.65403922209664
val,0.7,1.1537902024057176,0.13385221953429874,0.22216220460240804,0.1466331917142111,0.6180445911392333
val,0.8,1.1537902024057176,0.13539606947747487,0.22300363201943654,0.1515881357684968,0.5691213910541837
val,0.9,1.1537902024057176,0.1346817965072299,0.22036950030024088,0.1589207426896171,0.48306073461260113
