setting,iou,f1,precision,recall
SegFormer source-only raw,0.1442013288301135,0.247641549696998,0.1495425384196024,0.7727282340564425
SegFormer source-only + postprocess,0.178377974601019,0.2899922633927966,0.20986792634403895,0.5080653107355512
SegFormer B1 raw @ 0.5,0.3222117830836584,0.467665968433259,0.46601979505448116,0.5662012658421955
SegFormer B1 calibrated @ 0.7,0.33248707510176156,0.47273585153004477,0.5373972067757259,0.5132576151499673
SegFormer B1 calibrated @ 0.9,0.319312868610261,0.4501894958435543,0.6497490093821571,0.4111918877987635
SegFormer TS-bank thr080_mean082 @ 0.5,0.37284044235471697,0.5275668624847655,0.49348662107709856,0.6111026254911271
SegFormer TS-bank thr080_mean082 @ 0.6,0.3774824520898244,0.531726116225833,0.5256932510270013,0.5779386881798033
SegFormer B1 + postprocess,0.3165571878826807,0.4469058144660223,0.6489950900986081,0.4070600313799722
