sample_id,score,source_iou,source_precision,source_recall,b1_iou,b1_precision,b1_recall,b1_hp_iou,b1_hp_precision,b1_hp_recall
slide1548,0.522563,0.0256,0.0257,0.8981,0.4712,0.6304,0.6511,0.3174,0.7356,0.3583
slide1290,0.486900,0.1079,0.1096,0.8774,0.6244,0.8586,0.6959,0.3788,0.9579,0.3852
slide1596,0.437575,0.0715,0.0729,0.7872,0.3955,0.4616,0.7341,0.4413,0.5706,0.6607
